Saved Date,Job Url,Job Title,Company Name
"1/6/22, 9:34 PM",http://www.linkedin.com/jobs/view/2866529332,"Product Manager, Hub Platform",Rippling
"1/6/22, 2:30 PM",http://www.linkedin.com/jobs/view/2865387671,"Product and Business Strategy Lead, Analytics",Google
"1/19/22, 7:23 AM",http://www.linkedin.com/jobs/view/2882422630,"Manager, Product Analytics",Carvana
"2/17/22, 8:15 AM",http://www.linkedin.com/jobs/view/2926034763,Senior Product Manager - Metacritic,Red Ventures
"2/17/22, 8:02 AM",http://www.linkedin.com/jobs/view/2861089797,"Product Manager, Reporting & Analytics",Rippling
"1/28/22, 6:40 AM",http://www.linkedin.com/jobs/view/2892136264,"Product Manager, Analytics",Vimeo
"1/7/22, 5:51 AM",http://www.linkedin.com/jobs/view/2838666524,"(USA) Manager II, Product Management",Walmart
"1/7/22, 11:54 AM",http://www.linkedin.com/jobs/view/2866936777,2022 University Graduate - Product Manager (MBA),Adobe
"2/1/22, 5:36 PM",http://www.linkedin.com/jobs/view/2813510142,Principal Growth Product Manager,Curology
"1/6/22, 2:30 PM",http://www.linkedin.com/jobs/view/2848408385,Product Manager,HP
"1/6/22, 2:29 PM",http://www.linkedin.com/jobs/view/2869147535,Product Manager,Capital One
"1/6/22, 5:16 AM",http://www.linkedin.com/jobs/view/2864719029,Product Manager,Ciber Global
"2/17/22, 12:56 PM",http://www.linkedin.com/jobs/view/2922144119,"Manager, Data Science and Analytics",Taskrabbit
"2/1/22, 5:36 PM",http://www.linkedin.com/jobs/view/2898143345,"Senior Growth Manager, Growth & Product Planning",Celsius
"2/16/22, 3:58 PM",http://www.linkedin.com/jobs/view/2920484763,"Manager, Product Analytics & Insights",Groupon
"2/18/22, 7:16 PM",http://www.linkedin.com/jobs/view/2922486966,Growth & Product Marketing Manager,Cabana
"2/24/22, 10:57 AM",http://www.linkedin.com/jobs/view/2928855396,"Strategy & Operations Manager, Fraud",DoorDash
"1/24/22, 12:34 PM",http://www.linkedin.com/jobs/view/2887067715,Product Manager,hims & hers
"1/7/22, 11:54 AM",http://www.linkedin.com/jobs/view/2867347042,"Senior Product Manager, Insights - Slack",Slack
"1/6/22, 2:30 PM",http://www.linkedin.com/jobs/view/2864795681,"Senior Product Manager, Risk",Walmart
"2/1/22, 5:36 PM",http://www.linkedin.com/jobs/view/2900372712,Sr. Growth Product Manager,Adobe
"1/6/22, 2:27 PM",http://www.linkedin.com/jobs/view/2866122621,Product Manager (Data),NerdWallet
"1/6/22, 5:22 AM",http://www.linkedin.com/jobs/view/2863917003,"Senior Product Manager, Product Growth",Hootsuite
"1/17/23, 6:27 PM",http://www.linkedin.com/jobs/view/3433648228,"Program Manager, Uber Health",Uber
"2/17/22, 12:54 PM",http://www.linkedin.com/jobs/view/2895444557,"Manager, Digital Analytics",Cars Commerce
"1/6/22, 5:16 AM",http://www.linkedin.com/jobs/view/2868975906,"Strategic Operations Lead, New Verticals",Uber
"1/6/22, 5:16 AM",http://www.linkedin.com/jobs/view/2863987668,"Senior Manager, Product Management",Trulia
"1/6/22, 5:14 AM",http://www.linkedin.com/jobs/view/2868305557,"Growth Strategy Lead - Global Strategy and Planning, Delivery",Uber
"1/31/22, 7:11 AM",http://www.linkedin.com/jobs/view/2749279274,Senior Strategy Manager,AdRoll
"1/6/22, 2:28 PM",http://www.linkedin.com/jobs/view/2865300650,Product Manager (Remote),Hopper
"1/7/22, 7:56 AM",http://www.linkedin.com/jobs/view/2865302163,Product Manager (Remote),Hopper
"1/6/22, 2:28 PM",http://www.linkedin.com/jobs/view/2849359193,"Product Manager, Data / eCommerce",1build
"1/19/22, 7:23 AM",http://www.linkedin.com/jobs/view/2568628458,"Lead Analyst, Product Analytics, Storefront Advanced Analytics & Insights",Wayfair
"6/12/23, 10:34 PM",http://www.linkedin.com/jobs/view/3363928301,Data Analyst - Tiktok Ads and Monetization Products,ByteDance
"2/18/22, 11:05 PM",http://www.linkedin.com/jobs/view/2927728608,Product Analytics Manager,athenahealth
"2/1/22, 5:36 PM",http://www.linkedin.com/jobs/view/2900373629,Sr. Growth Product Manager,Adobe
"5/20/23, 7:57 PM",http://www.linkedin.com/jobs/view/3609261709,"Program Manager, Strategy & Projects",Stripe
"1/20/22, 8:16 AM",http://www.linkedin.com/jobs/view/2823638453,"Product Manager – Technical, Amazon Advertising Console Product Analytics & Experimentation",Amazon
"2/18/22, 10:57 PM",http://www.linkedin.com/jobs/view/2923253239,"Manager, Business Analytics & Insights",Disney Experiences
"1/7/22, 11:55 AM",http://www.linkedin.com/jobs/view/2867347043,"Senior Product Manager, Insights - Slack",Slack
"1/25/22, 4:30 AM",http://www.linkedin.com/jobs/view/2888251627,Marketing Analytics Lead,Microsoft
"1/6/22, 5:20 AM",http://www.linkedin.com/jobs/view/2838245121,Growth Product Manager,Sonatype
"2/17/22, 12:48 PM",http://www.linkedin.com/jobs/view/2865856709,"Senior Technical Product Manager, Experimentation Platforms",Wayfair
"1/7/22, 12:02 PM",http://www.linkedin.com/jobs/view/2867350472,Consumer Insights Manager,Rocket Money
"1/28/22, 7:42 AM",http://www.linkedin.com/jobs/view/2806614630,Product Analytics Intern (Summer '22),Addepar
"2/16/22, 6:05 AM",http://www.linkedin.com/jobs/view/2752301642,Product Operations Manager - Rider Growth,Uber
"6/24/23, 10:26 AM",http://www.linkedin.com/jobs/view/3586864998,"Product Manager, Growth",Netflix
"1/6/22, 2:30 PM",http://www.linkedin.com/jobs/view/2859779658,"Instagram, Technical Program Manager, Product",Instagram
"1/25/22, 4:26 AM",http://www.linkedin.com/jobs/view/2891552725,"Manager, Product Performance",Expedia Group
"1/24/22, 12:35 PM",http://www.linkedin.com/jobs/view/2888209226,"Product Manager, Fan Commerce",Spotify
"1/6/22, 5:16 AM",http://www.linkedin.com/jobs/view/2868988051,Senior Product Manager,Dictionary.com
"1/6/22, 5:14 AM",http://www.linkedin.com/jobs/view/2864764922,Business Product Strategy Lead,Meta
"1/7/22, 12:17 PM",http://www.linkedin.com/jobs/view/2844522755,Business Operations & Strategy Manager,Coinbase
"1/6/22, 9:41 PM",http://www.linkedin.com/jobs/view/2866178125,Sr. Product Manager,PayPal
"2/23/22, 6:45 AM",http://www.linkedin.com/jobs/view/2929646510,"Product Analytics Manager, Health & Wellness",Walmart
"1/7/22, 11:58 AM",http://www.linkedin.com/jobs/view/2870284505,Product Manager: Innovation & Growth,Snap Finance
"1/7/22, 12:18 PM",http://www.linkedin.com/jobs/view/2844497132,"Business Operations & Strategy Manager, Pricing",Coinbase
"1/7/22, 12:17 PM",http://www.linkedin.com/jobs/view/2866128172,Sr. Strategy & Analytics Manager,T-Mobile
"2/17/22, 8:02 AM",http://www.linkedin.com/jobs/view/2924264757,Product Manager,Givebacks
"1/27/22, 5:44 PM",http://www.linkedin.com/jobs/view/2870697525,Associate Product Manager,Red Ventures
"2/8/22, 7:15 AM",http://www.linkedin.com/jobs/view/2791833263,Graduate Senior Product Manager,Discovery Inc
"1/25/22, 4:30 AM",http://www.linkedin.com/jobs/view/2751244458,"Senior Analyst, Customer Growth and Retention",Wayfair
"1/6/22, 2:29 PM",http://www.linkedin.com/jobs/view/2861623058,"Product Manager, Retail Property Management",Roofstock
"2/9/22, 10:28 AM",http://www.linkedin.com/jobs/view/2908276417,Senior Strategic Insights Manager,Disney Streaming
"1/6/22, 2:30 PM",http://www.linkedin.com/jobs/view/2866102028,"Product Manager, TikTok LIVE",TikTok
"1/6/22, 2:28 PM",http://www.linkedin.com/jobs/view/2866127265,Senior Product Manager (Registration Growth),NerdWallet
"1/6/22, 5:22 AM",http://www.linkedin.com/jobs/view/2838140610,"Principal Product Manager, Growth",Zocdoc
"1/20/22, 8:15 AM",http://www.linkedin.com/jobs/view/2881702031,Product Analytics and Experimentation Manager,Calendly
"1/17/22, 9:54 PM",http://www.linkedin.com/jobs/view/2881639288,"Product Manager, Hub Platform",Rippling
"1/7/22, 7:55 AM",http://www.linkedin.com/jobs/view/2866964396,Product Analytics Manager,Prosper Marketplace
"1/17/22, 12:43 PM",http://www.linkedin.com/jobs/view/2880574311,Analytics & Data Science Manager,Prosper Marketplace
"1/6/22, 5:20 AM",http://www.linkedin.com/jobs/view/2844194626,Product-led Growth Hacker,Bloomreach
"1/7/22, 12:18 PM",http://www.linkedin.com/jobs/view/2807462493,Services Strategy Manager,Docusign
"1/7/22, 5:52 AM",http://www.linkedin.com/jobs/view/2808035966,"Manager II, Product Management - (Walmart Innovation | Last Mile Delivery | Walmart InHome)",Walmart
"1/17/23, 5:00 PM",http://www.linkedin.com/jobs/view/3441611576,Product Marketing Manager,Aha!
"1/6/22, 2:30 PM",http://www.linkedin.com/jobs/view/2863976136,Analytics & Data Science Manager,Prosper Marketplace
"1/29/22, 7:50 AM",http://www.linkedin.com/jobs/view/2897914375,"Data & Insights, Profile and Activation Consultant",Adobe
"1/7/22, 8:00 AM",http://www.linkedin.com/jobs/view/2866903207,"Senior Product Manager, E-commerce",Minted
"1/24/22, 11:33 AM",http://www.linkedin.com/jobs/view/2890452103,Senior Product Manager - Mobile,Personal Capital
"6/12/23, 10:33 PM",http://www.linkedin.com/jobs/view/3628263406,Senior E-Commerce Analyst,Chewy
"1/17/22, 9:50 PM",http://www.linkedin.com/jobs/view/2846194039,Senior Product Owner,HelloFresh
"1/8/22, 9:37 PM",http://www.linkedin.com/jobs/view/2871260919,Product Manager - Marketing Analytics,"Lowe's Companies, Inc."
"1/6/22, 2:28 PM",http://www.linkedin.com/jobs/view/2846446788,"Manager, Merchant Strategy & Operation, Strategic Planning",DoorDash
"1/6/22, 9:41 PM",http://www.linkedin.com/jobs/view/2866177239,Sr. Product Manager,PayPal
"1/27/22, 11:14 AM",http://www.linkedin.com/jobs/view/2751114121,"Staff Product Manager, SQL Experience",Databricks
"1/17/23, 6:27 PM",http://www.linkedin.com/jobs/view/3433644788,"Program Manager, Uber Health",Uber
"1/17/22, 9:52 PM",http://www.linkedin.com/jobs/view/2877792446,Product Manager,WillowTree
"1/7/22, 12:17 PM",http://www.linkedin.com/jobs/view/2867364305,Services Technology Strategy Manager,Lenovo
"1/6/22, 5:14 AM",http://www.linkedin.com/jobs/view/2864763904,Business Product Strategy Lead,Meta
"2/25/22, 11:51 AM",http://www.linkedin.com/jobs/view/2903601527,"Senior Product Growth Analyst, CNN+",CNN
"1/6/22, 5:20 AM",http://www.linkedin.com/jobs/view/2862358216,Sr Growth Product Manager,Unity
"1/30/22, 10:38 AM",http://www.linkedin.com/jobs/view/2899829596,"Product Manager, Mobility Verticals",Uber
"1/8/22, 10:18 PM",http://www.linkedin.com/jobs/view/2813021436,Product Analytics Manager,PayPal
"1/6/22, 2:28 PM",http://www.linkedin.com/jobs/view/2866121347,Product Manager I,Lucid Software
"1/6/22, 2:28 PM",http://www.linkedin.com/jobs/view/2864783011,Senior Logistics Business Intelligence Manager,Disney Experiences
"1/7/22, 8:00 AM",http://www.linkedin.com/jobs/view/2869558352,Technical Product Manager,Urbint
"1/19/22, 7:23 AM",http://www.linkedin.com/jobs/view/2821979165,Senior Data Analyst- Product Analytics,Walmart
"1/6/22, 2:28 PM",http://www.linkedin.com/jobs/view/2846800763,Senior Product Manager - Fast Apps,Fast
"1/24/22, 11:23 AM",http://www.linkedin.com/jobs/view/2890643602,"Senior Product Manager, WebMD",Internet Brands
"1/6/22, 2:30 PM",http://www.linkedin.com/jobs/view/2864732075,"(USA) Manager I, Advanced Analytics",Walmart
"1/17/22, 9:52 PM",http://www.linkedin.com/jobs/view/2883617062,Senior Product Manager,NortonLifeLock
"1/12/22, 6:24 PM",http://www.linkedin.com/jobs/view/2874975701,Product Manager,ASUS
"1/12/22, 6:24 PM",http://www.linkedin.com/jobs/view/2861911583,Product Manager,Bizly
"1/7/22, 12:18 PM",http://www.linkedin.com/jobs/view/2844704451,Partner Strategy Manager,Amazon Web Services (AWS)
"1/24/22, 11:17 AM",http://www.linkedin.com/jobs/view/2889657763,Sr. Product Manager 1 - Technical,eBay
"1/7/22, 5:52 AM",http://www.linkedin.com/jobs/view/2838660937,"(USA) Senior Manager I, Business Analysis and Insights (Reporting Factory)",Walmart
"1/6/22, 2:29 PM",http://www.linkedin.com/jobs/view/2866101175,Product Manager,CloudBees
"2/7/22, 7:24 PM",http://www.linkedin.com/jobs/view/2910120633,Growth Product Manager,PlushCare
"1/19/22, 7:23 AM",http://www.linkedin.com/jobs/view/2885539700,Associate Manager - Analytics,Tredence Inc.
"1/6/22, 2:28 PM",http://www.linkedin.com/jobs/view/2865359073,Senior Product Manager,The Black Tux
"3/2/22, 5:58 PM",http://www.linkedin.com/jobs/view/2937179818,"Product Manager II, Product Insights (HBO Max)",WarnerMedia
"1/6/22, 2:28 PM",http://www.linkedin.com/jobs/view/2846812641,"Senior Product Manager, Product Growth",Hootsuite
"2/1/22, 5:50 AM",http://www.linkedin.com/jobs/view/2871085296,"Product Manager, Testing and Optimization",EBG
"1/12/22, 6:11 PM",http://www.linkedin.com/jobs/view/2872708692,"Product Manager, Growth",SurveyMonkey
"1/6/22, 2:30 PM",http://www.linkedin.com/jobs/view/2861635045,"Product Manager, Inclusive Product",Pinterest
"1/10/22, 5:47 PM",http://www.linkedin.com/jobs/view/2858996606,"Product Manager, Growth - REMOTE",X-Rite
"1/17/22, 12:42 PM",http://www.linkedin.com/jobs/view/2880507065,Product Analytics Manager,Prosper Marketplace
"8/12/22, 3:42 PM",http://www.linkedin.com/jobs/view/3202767509,"Staff Product Manager I, Driver Earnings (Rideshare)",Lyft
"1/11/22, 6:07 PM",http://www.linkedin.com/jobs/view/2847955619,Product Manager,BOLD
"1/7/22, 11:54 AM",http://www.linkedin.com/jobs/view/2866939211,"2022 University Graduate - Product Marketing Manager, Document Cloud (MBA)",Adobe
"5/15/23, 8:32 PM",http://www.linkedin.com/jobs/view/3589648731,"Manager II, Program Management, eComm",Walmart
"1/28/22, 8:40 AM",http://www.linkedin.com/jobs/view/2896707910,"Product Manager, Data Activation",Movable Ink
"2/17/22, 8:07 AM",http://www.linkedin.com/jobs/view/2921370086,"Sr Product Manager, Product Insights (HBO Max)",WarnerMedia
"1/25/22, 4:31 AM",http://www.linkedin.com/jobs/view/2890680911,"Senior Growth Product Manager, User Growth",Knock
"1/7/22, 5:52 AM",http://www.linkedin.com/jobs/view/2778664145,Senior Product Manager,Walmart
"1/6/22, 9:33 PM",http://www.linkedin.com/jobs/view/2866190963,"Sr. Analyst, New Business GTM Excellence",Automation Anywhere
"2/25/22, 11:51 AM",http://www.linkedin.com/jobs/view/2928339657,"Senior Data Analyst - Product, Features, & Growth",Canva
"2/18/22, 7:16 PM",http://www.linkedin.com/jobs/view/2924148529,"Product Analyst, International Growth & Product Experience",Meta
"2/18/22, 7:16 PM",http://www.linkedin.com/jobs/view/2924151285,"Product Analyst, International Growth & Product Experience",Meta
"1/10/22, 5:40 PM",http://www.linkedin.com/jobs/view/2871484115,"Product Manager, Competitive Intel Data Platform (Rideshare)",Lyft
"1/19/22, 7:23 AM",http://www.linkedin.com/jobs/view/2882198370,Product Analytics Manager,PayPal
"1/6/22, 2:28 PM",http://www.linkedin.com/jobs/view/2860318604,Senior Product Manager,Chewy
"1/20/22, 8:16 AM",http://www.linkedin.com/jobs/view/2799831418,Principal Product Manager - Analytics,Pendo.io
"1/8/22, 9:32 PM",http://www.linkedin.com/jobs/view/2869452304,"Technical Product Manager, Data Science & Analytics, Apple Media Products - Culver City",Apple
"1/27/22, 5:56 AM",http://www.linkedin.com/jobs/view/2884615145,Product Strategy and Operations Manager,Klarna
"1/30/22, 5:38 AM",http://www.linkedin.com/jobs/view/2809246599,Senior Analytics Manager (Growth Marketing),Noom
"1/7/22, 11:57 AM",http://www.linkedin.com/jobs/view/2867346140,"Senior Product Manager, Activation - Slack",Slack
"1/10/22, 5:43 PM",http://www.linkedin.com/jobs/view/2873965719,"Manager, Growth Analytics",Gopuff
"2/9/22, 9:54 PM",http://www.linkedin.com/jobs/view/2698744483,"Senior Data Scientist, Product Analytics",TikTok
"2/17/22, 8:17 AM",http://www.linkedin.com/jobs/view/2921368461,"Sr Product Manager, Product Insights (HBO Max)",WarnerMedia
"1/7/22, 12:18 PM",http://www.linkedin.com/jobs/view/2807465005,Services Strategy Manager,Docusign
"2/17/22, 8:18 AM",http://www.linkedin.com/jobs/view/2921193446,Senior Product Analyst,Chegg Inc.
"1/11/22, 12:25 PM",http://www.linkedin.com/jobs/view/2872967004,Product Manager Creator Tools and Analytics,TikTok
"1/24/22, 5:39 AM",http://www.linkedin.com/jobs/view/2891429235,Product Manager: Innovation & Growth,Snap Finance
"1/6/22, 5:14 AM",http://www.linkedin.com/jobs/view/2868309333,"Growth Strategy Lead - Global Strategy and Planning, Delivery",Uber
"2/25/22, 11:51 AM",http://www.linkedin.com/jobs/view/2936091008,"Senior Analyst, Growth Strategy and Profitability",Wayfair
"1/6/22, 2:29 PM",http://www.linkedin.com/jobs/view/2860321490,Senior Product Manager,Chewy
"1/17/23, 5:01 PM",http://www.linkedin.com/jobs/view/3437817752,Sports Trading Analytics Manager,Swish Analytics
"2/17/22, 8:15 AM",http://www.linkedin.com/jobs/view/2803875526,"Manager, Commercial Analytics & Strategy",Zocdoc
"1/7/22, 11:57 AM",http://www.linkedin.com/jobs/view/2866964200,Sr. Product Manager - Campaign Algorithims,The Walt Disney Company
"2/25/22, 11:51 AM",http://www.linkedin.com/jobs/view/2933109412,Product Growth Analyst,Meta
"1/7/22, 8:00 AM",http://www.linkedin.com/jobs/view/2866136142,"Principal Product Manager, Analytics",Amplitude
"2/25/22, 11:51 AM",http://www.linkedin.com/jobs/view/2877259072,"Analytics Lead, Pro Growth Marketing",Houzz
"1/6/22, 2:29 PM",http://www.linkedin.com/jobs/view/2859704657,Senior Product Manager - Analytics,PubMatic
"1/7/22, 12:23 PM",http://www.linkedin.com/jobs/view/2845321660,Geospatial Strategy & Analytics Manager,Gopuff
"1/6/22, 2:28 PM",http://www.linkedin.com/jobs/view/2844224734,"Senior Product Manager, Growth",Mozilla
"1/19/22, 7:23 AM",http://www.linkedin.com/jobs/view/2881949786,"Manager, Product Analytics & Insights",Groupon
"1/17/22, 9:54 PM",http://www.linkedin.com/jobs/view/2880580016,Sr Product Manager,T-Mobile
"1/7/22, 6:00 PM",http://www.linkedin.com/jobs/view/2851807260,Growth Product Manager,TodayTix Group (TTG)
"1/29/22, 2:24 PM",http://www.linkedin.com/jobs/view/2897392050,"Senior Product Manager, Balance (Google's Best App of 2021)",The Mind Company
"1/6/22, 5:16 AM",http://www.linkedin.com/jobs/view/2864793429,Product Manager - Business Assets,Workday
"2/9/22, 6:05 AM",http://www.linkedin.com/jobs/view/2879094037,Product Insights Manager,Sales Boomerang
"1/24/22, 11:33 AM",http://www.linkedin.com/jobs/view/2889680440,Senior Product Manager - Ecommerce Governance Strategies,TikTok
"1/6/22, 5:22 AM",http://www.linkedin.com/jobs/view/2864765055,"Product Analyst, International Growth",Meta
"2/1/22, 5:36 PM",http://www.linkedin.com/jobs/view/2901422025,TIP: Growth Product Manager,Upwork
"2/17/22, 8:18 AM",http://www.linkedin.com/jobs/view/2925661020,Sr Data Analyst,Resideo
"2/7/22, 5:05 PM",http://www.linkedin.com/jobs/view/2904663313,Business Intelligence Manager,Casey's
"2/17/22, 8:16 AM",http://www.linkedin.com/jobs/view/2921376638,"Sr. Product Manager, eCommerce Buyer Experience - Shopping",Square
"2/13/22, 7:27 PM",http://www.linkedin.com/jobs/view/2882177316,Senior Data Scientist - Product,Cameo
"1/10/22, 5:47 PM",http://www.linkedin.com/jobs/view/2849861966,"Senior Product Manager, Growth",Mozilla
"1/24/22, 8:58 AM",http://www.linkedin.com/jobs/view/2887956950,Product Manager,Dispatch
"1/25/22, 6:46 PM",http://www.linkedin.com/jobs/view/2891056933,Senior Growth Product Manager,Superhuman Mail
"2/1/22, 5:50 AM",http://www.linkedin.com/jobs/view/2871086350,"Product Manager, Site Testing and Optimization",EBG
"1/8/22, 9:40 PM",http://www.linkedin.com/jobs/view/2869448843,Product Manager - Strategic Data Solutions,Apple
"4/28/23, 6:18 PM",http://www.linkedin.com/jobs/view/3578354433,"Product Marketing Manager, Performance Measurement",TikTok
"2/26/22, 4:41 AM",http://www.linkedin.com/jobs/view/2932226172,Graduate Product Manager I - August 2022 - Chicago,Expedia Group
"1/6/22, 2:30 PM",http://www.linkedin.com/jobs/view/2861617586,"Senior Product Manager, Content Partnerships",Adobe
"2/17/22, 8:04 AM",http://www.linkedin.com/jobs/view/2921604348,"Manager, Data Analytics",Zynga
"1/25/22, 4:30 AM",http://www.linkedin.com/jobs/view/2890683433,Senior Growth Product Manager,Knock
"2/7/22, 5:01 PM",http://www.linkedin.com/jobs/view/2884136437,"Product Manager, Merchant Onboarding & Activation",DoorDash
"1/6/22, 2:30 PM",http://www.linkedin.com/jobs/view/2861667961,"Senior Product Manager, Scaling and Infrastructure - Talk",Spotify
"1/6/22, 5:14 AM",http://www.linkedin.com/jobs/view/2863939182,"Product Manager, Hub Platform",Rippling
"2/18/22, 7:16 PM",http://www.linkedin.com/jobs/view/2924145804,"Product Analyst, International Growth & Product Experience",Meta
"3/11/22, 7:08 AM",http://www.linkedin.com/jobs/view/2943750667,Analytics Manager,Infillion
"1/7/22, 5:51 AM",http://www.linkedin.com/jobs/view/2748400426,"Manager II, Product Management",Walmart
"1/6/22, 9:31 PM",http://www.linkedin.com/jobs/view/2866541412,"Senior Product Manager, Economy Growth",Atlassian
"2/10/22, 6:07 AM",http://www.linkedin.com/jobs/view/2909890685,Graduate Product Manager,Orbis Group
"1/6/22, 2:29 PM",http://www.linkedin.com/jobs/view/2861376977,Senior Product Manager ,Alkymi
"1/7/22, 11:59 AM",http://www.linkedin.com/jobs/view/2867313649,"Product Line Strategy, Senior Strategy Analyst",Expedia Group
"2/1/22, 5:36 PM",http://www.linkedin.com/jobs/view/2734674847,Senior Growth Product Manager,Toptal
"1/31/22, 7:13 PM",http://www.linkedin.com/jobs/view/2893539956,Growth Product / Optimization Program Manager,Cro Metrics
"1/8/22, 7:27 AM",http://www.linkedin.com/jobs/view/2865364232,"Sr Associate Product Manager, Visa Partner Website and User Experience",Visa
"1/6/22, 2:27 PM",http://www.linkedin.com/jobs/view/2866120637,TIP: Growth Product Manager,Upwork
"2/7/22, 6:59 PM",http://www.linkedin.com/jobs/view/2911180109,Growth Product Manager,BoxCast
"1/10/22, 7:56 PM",http://www.linkedin.com/jobs/view/2871051343,"Growth Product Manager, Data & Signals",Apple
"1/6/22, 2:29 PM",http://www.linkedin.com/jobs/view/2844228219,Decision Science Product Manager,The Walt Disney Company
"1/8/22, 7:28 AM",http://www.linkedin.com/jobs/view/2867233009,Lead Product Manager,BCG Digital Ventures
"2/17/22, 8:05 AM",http://www.linkedin.com/jobs/view/2921381058,Growth Analyst (100% Remote),Numerade
"2/1/22, 5:36 PM",http://www.linkedin.com/jobs/view/2734667254,Senior Growth Product Manager,Toptal
"1/6/22, 2:29 PM",http://www.linkedin.com/jobs/view/2865357962,"Product Manager, Payment Method Optimization",Stripe
