Organization,Followed On
Pavo AI,Tue May 19 00:27:49 UTC 2026
Mercury Promotions & Fulfillment,Fri May 15 14:51:01 UTC 2026
Ace Specialties LLC,Fri May 15 14:49:58 UTC 2026
Barker Specialty Company,Fri May 15 14:45:33 UTC 2026
"Blink Marketing, Inc.",Thu May 14 20:36:36 UTC 2026
LTM,Thu May 14 13:16:46 UTC 2026
Anthropic,Wed May 06 02:36:43 UTC 2026
World Labs,Wed Apr 29 00:14:16 UTC 2026
OrcaSheets,Fri Apr 24 19:50:59 UTC 2026
Mind the Product,Thu Apr 23 18:56:55 UTC 2026
Duke Capital Partners,Wed Apr 22 13:28:48 UTC 2026
Zo Computer,Wed Apr 22 13:28:45 UTC 2026
Grit City Studio,Wed Apr 22 13:28:26 UTC 2026
HartleyCo,Mon Apr 20 19:25:33 UTC 2026
TikTok,Wed Apr 15 15:54:37 UTC 2026
Product Partners,Tue Mar 31 21:15:33 UTC 2026
Everpure,Thu Mar 19 21:28:38 UTC 2026
The Creative Leap,Wed Jan 21 12:26:51 UTC 2026
dentsu,Thu Jan 15 14:43:48 UTC 2026
Crack PM Interview,Sun Dec 28 02:49:12 UTC 2025
Unwind AI,Mon Dec 01 01:29:43 UTC 2025
Winter Comics,Mon Nov 17 12:34:37 UTC 2025
Altbridge,Fri Sep 26 20:24:57 UTC 2025
XBP Global,Tue Sep 23 05:03:43 UTC 2025
PRISM,Mon Sep 22 23:26:47 UTC 2025
Coframe,Wed Sep 17 20:09:51 UTC 2025
Hyundai Motor Company,Mon Sep 15 21:03:17 UTC 2025
Transcend Network,Wed Sep 10 12:02:47 UTC 2025
Manifest Law,Tue Sep 09 22:03:44 UTC 2025
Banner Health,Sun Aug 24 03:01:23 UTC 2025
Promise Venture Studio,Sat Jul 26 01:26:35 UTC 2025
IndiaAI,Wed Jul 23 10:40:35 UTC 2025
QXO,Mon Jul 21 16:07:58 UTC 2025
Moonshot,Sun Jul 20 13:02:14 UTC 2025
How to AI,Wed Jul 09 16:25:07 UTC 2025
Awesomic,Sat Jun 21 13:35:25 UTC 2025
DataGrail,Fri Jun 20 01:29:09 UTC 2025
Maven,Wed Jun 18 17:24:54 UTC 2025
Decagon,Mon Jun 16 21:19:59 UTC 2025
NBCUniversal,Mon Jun 16 04:24:17 UTC 2025
Yupp,Mon Jun 16 01:25:11 UTC 2025
Edmunds,Sat Jun 14 20:06:45 UTC 2025
Parallel Web Systems,Sat Jun 14 19:37:14 UTC 2025
Lovable,Sat Jun 14 04:43:30 UTC 2025
Grid110,Thu Jun 12 04:55:27 UTC 2025
Tribe AI,Wed Jun 11 14:33:24 UTC 2025
Helium,Wed Jun 04 22:57:29 UTC 2025
Paritii,Mon Jun 02 20:16:39 UTC 2025
Kashikoi (YC),Wed May 28 21:26:58 UTC 2025
Duke Innovation and Entrepreneurship,Sat May 10 11:58:11 UTC 2025
Harmony Intelligence,Sat May 10 11:52:07 UTC 2025
GRC ASSURE,Fri May 09 22:32:27 UTC 2025
Relevance AI,Thu May 08 19:35:27 UTC 2025
Agentic AI Institute,Wed May 07 18:49:17 UTC 2025
AI & Partners,Sat May 03 13:29:45 UTC 2025
WitnessAI,Fri May 02 04:05:01 UTC 2025
Amplifier Security,Tue Apr 29 19:10:26 UTC 2025
Opsin,Sat Apr 26 13:16:17 UTC 2025
Global South Opportunities,Fri Apr 25 13:21:16 UTC 2025
Ethical AI Database (EAIDB),Tue Apr 22 16:01:33 UTC 2025
Office of the New York City Comptroller,Tue Apr 22 01:42:59 UTC 2025
Pegasi,Mon Apr 21 19:15:02 UTC 2025
The Prompt Mind,Fri Apr 18 15:55:17 UTC 2025
SaferAI,Tue Apr 15 14:29:01 UTC 2025
Institute for AI Policy and Strategy (IAPS),Sun Apr 13 05:45:28 UTC 2025
Tech Katalyst,Sat Apr 12 18:00:11 UTC 2025
Nawgati,Sat Apr 12 17:59:55 UTC 2025
Brandvibe Digital Marketing,Sat Apr 12 17:59:44 UTC 2025
Squarify,Thu Apr 10 12:53:06 UTC 2025
Mammoth Brands,Mon Apr 14 14:38:51 UTC 2025
Vaco by Highspring,Tue Apr 08 20:41:44 UTC 2025
Hugging Face,Mon Mar 31 14:08:24 UTC 2025
Sierra,Thu Mar 27 19:25:41 UTC 2025
Linear,Sat Mar 15 02:40:45 UTC 2025
Creative People,Thu Mar 13 02:53:27 UTC 2025
JioHotstar,Fri Mar 07 05:10:54 UTC 2025
PIN (Power in Numbers),Mon Mar 03 20:27:47 UTC 2025
AKITRA,Sun Mar 02 00:26:39 UTC 2025
Company Ventures,Mon Feb 24 16:15:43 UTC 2025
AI Hiring Newsletter,Thu Feb 20 22:11:18 UTC 2025
FairNow,Wed Feb 19 01:58:26 UTC 2025
All Tech Is Human,Tue Feb 18 23:01:31 UTC 2025
Kidzovo - Learning buddy for kids videos,Mon Feb 17 15:41:41 UTC 2025
Vanta,Fri Feb 14 13:36:05 UTC 2025
FinSights for Business,Tue Feb 11 13:41:23 UTC 2025
Compliance Podcast Network,Tue Feb 11 13:28:23 UTC 2025
AIQURIS - A TUV SUD Venture,Mon Feb 03 04:06:38 UTC 2025
negg Group,Mon Feb 03 02:30:19 UTC 2025
"IDC Technologies, Inc.",Mon Feb 03 02:23:47 UTC 2025
Flowstate,Wed Jan 08 03:45:31 UTC 2025
Trovoco Holidays,Thu Jan 02 09:43:35 UTC 2025
Acquired,Wed Sep 25 00:48:11 UTC 2024
BetterHelp,Fri Aug 30 19:45:30 UTC 2024
Unshackled Ventures,Fri Jun 28 08:24:15 UTC 2024
Baylor Scott & White Health,Mon May 06 20:36:38 UTC 2024
GlobalPoint,Sat Apr 27 04:37:11 UTC 2024
Ahold Delhaize USA,Wed Apr 03 14:23:45 UTC 2024
Copart,Fri Mar 22 20:34:21 UTC 2024
Roku,Wed Mar 20 19:13:22 UTC 2024
Glean,Sat Mar 09 21:09:32 UTC 2024
Xpanse,Fri Feb 16 20:10:44 UTC 2024
Hootsuite,Wed Feb 14 19:16:31 UTC 2024
Comity,Wed Feb 14 16:10:23 UTC 2024
JDE Peet's,Wed Feb 14 14:39:50 UTC 2024
Attentive,Tue Feb 13 17:13:56 UTC 2024
Pathrise,Tue Feb 13 15:44:17 UTC 2024
Upstart,Tue Feb 13 14:53:33 UTC 2024
"HorizonIQ, A Summit Company",Mon Feb 05 21:30:55 UTC 2024
ADT,Thu Jan 18 08:27:26 UTC 2024
PointClickCare,Thu Jan 18 08:22:59 UTC 2024
People Tech Group Inc,Wed Jan 17 19:31:41 UTC 2024
Cohesity,Wed Jan 17 19:28:10 UTC 2024
Signature Systems,Wed Jan 17 00:01:19 UTC 2024
Akkodis,Mon Jan 15 23:48:58 UTC 2024
Trinus Corporation,Mon Jan 15 23:42:17 UTC 2024
Morph Enterprise,Mon Jan 15 22:08:28 UTC 2024
InfoObjects Inc.,Mon Jan 15 21:58:30 UTC 2024
EarthCam,Sat Jan 13 05:31:55 UTC 2024
Key Performance Indicators,Sat Jan 13 05:30:38 UTC 2024
Finfare,Fri Jan 12 18:17:47 UTC 2024
Cohere Health,Thu Jan 11 21:02:03 UTC 2024
insightsoftware,Thu Jan 11 20:49:14 UTC 2024
4insite,Mon Jan 08 19:47:50 UTC 2024
Rokt,Sat Jan 06 18:53:33 UTC 2024
Amtex Systems Inc,Sat Jan 06 18:46:43 UTC 2024
Intellectt Inc,Fri Jan 05 20:11:33 UTC 2024
Samsung Electronics America,Fri Jan 05 20:05:50 UTC 2024
INAP,Fri Jan 05 00:30:56 UTC 2024
Sigmaways Inc,Wed Jan 03 01:09:41 UTC 2024
Motimatic,Wed Jan 03 01:09:12 UTC 2024
Sunbit,Wed Jan 03 01:02:03 UTC 2024
AdvisoryCloud,Tue Jan 02 20:51:44 UTC 2024
Conversion,Fri Dec 29 17:27:02 UTC 2023
Robert Half,Fri Dec 29 07:19:51 UTC 2023
Twist Bioscience,Fri Dec 29 07:18:25 UTC 2023
Build Fellowship,Thu Dec 28 20:54:41 UTC 2023
Pique,Wed Dec 27 04:59:49 UTC 2023
Harry's,Mon Dec 25 18:48:57 UTC 2023
Odyssey Information Services,Mon Dec 25 18:42:50 UTC 2023
VIGO,Mon Dec 25 17:24:46 UTC 2023
RocketSource by Incubeta,Mon Dec 25 17:24:05 UTC 2023
Blend,Sat Dec 23 19:52:52 UTC 2023
OSI Engineering,Fri Dec 22 04:09:05 UTC 2023
Quill,Tue Dec 19 18:38:38 UTC 2023
Experimentation Jobs,Tue Dec 19 03:58:53 UTC 2023
Rose International,Wed Dec 13 06:07:12 UTC 2023
TekWissen ®,Wed Dec 13 06:06:57 UTC 2023
Sigmoid,Fri Dec 08 19:21:58 UTC 2023
Mindlance,Fri Dec 08 18:29:14 UTC 2023
Panda Restaurant Group,Fri Dec 08 18:28:28 UTC 2023
HireTalent - Staffing & Recruiting Firm,Fri Dec 08 18:28:15 UTC 2023
"Street Diligence, Inc.",Fri Dec 08 18:28:02 UTC 2023
Bernard Nickels & Associates,Fri Dec 08 18:24:35 UTC 2023
Revature,Fri Dec 08 18:23:50 UTC 2023
"Pyramid Consulting, Inc",Fri Dec 08 18:23:28 UTC 2023
Collabera,Fri Dec 08 18:23:05 UTC 2023
Kodi Inc,Fri Dec 08 18:22:49 UTC 2023
Harvey Nash,Fri Dec 08 18:21:42 UTC 2023
Domino's,Fri Dec 08 18:12:07 UTC 2023
K&K Global Talent Solutions INC.,Thu Dec 07 21:27:50 UTC 2023
Adept,Thu Dec 07 21:23:47 UTC 2023
Confidential Careers,Thu Dec 07 21:03:34 UTC 2023
Curate Insights,Thu Dec 07 21:02:56 UTC 2023
TRAXERO,Thu Dec 07 20:32:25 UTC 2023
Intelliswift - An LTTS Company,Thu Dec 07 20:31:51 UTC 2023
Majhi Group,Thu Dec 07 20:31:32 UTC 2023
Nayya,Thu Dec 07 20:22:01 UTC 2023
TTI Floor Care North America,Thu Dec 07 20:19:33 UTC 2023
Beyond Finance,Wed Dec 06 21:44:28 UTC 2023
Infosys,Wed Dec 06 20:21:01 UTC 2023
Carta,Wed Dec 06 19:52:04 UTC 2023
WillScot,Wed Dec 06 19:43:54 UTC 2023
Himflax Group,Wed Dec 06 07:01:51 UTC 2023
Bayside Solutions,Wed Dec 06 06:55:18 UTC 2023
Suna Solutions,Wed Dec 06 06:54:54 UTC 2023
"GSPANN Technologies, Inc",Wed Dec 06 06:54:38 UTC 2023
Calabrio,Wed Dec 06 06:43:20 UTC 2023
Talkdesk,Wed Dec 06 06:41:31 UTC 2023
Averity,Wed Dec 06 06:08:06 UTC 2023
Avenue Code,Wed Dec 06 06:06:51 UTC 2023
Rust-Oleum Corporation,Wed Dec 06 05:48:53 UTC 2023
ClearOne Advantage,Wed Dec 06 05:48:27 UTC 2023
JDE,Mon Dec 04 22:09:59 UTC 2023
Bimbo Bakeries USA,Mon Dec 04 22:08:57 UTC 2023
EPITEC,Mon Dec 04 21:58:00 UTC 2023
RingStone,Mon Dec 04 19:43:03 UTC 2023
Medix Technology,Mon Dec 04 19:41:41 UTC 2023
Icon Protection,Mon Dec 04 19:41:05 UTC 2023
GalaxE.Solutions,Mon Dec 04 19:38:43 UTC 2023
WalkWater Technologies,Mon Dec 04 19:38:14 UTC 2023
Flexton Inc.,Mon Dec 04 19:37:43 UTC 2023
CEI,Mon Dec 04 18:55:08 UTC 2023
Beacon Hill,Mon Dec 04 18:54:21 UTC 2023
"HealthCare Partners, New York",Sat Dec 02 02:19:26 UTC 2023
PRI Technology,Fri Dec 01 22:18:24 UTC 2023
"IDR, Inc.",Fri Dec 01 22:17:57 UTC 2023
Moodys Northwest Consulting,Fri Dec 01 22:14:46 UTC 2023
Cengage,Fri Dec 01 22:14:06 UTC 2023
Mitchell Martin Inc.,Fri Dec 01 20:11:00 UTC 2023
Homes.com,Fri Dec 01 19:49:29 UTC 2023
Educated Solutions Corp,Wed Nov 29 21:06:48 UTC 2023
Cypress HCM,Wed Nov 29 19:23:31 UTC 2023
Onward Play,Wed Nov 29 19:17:59 UTC 2023
Caesars Entertainment,Wed Nov 29 19:00:57 UTC 2023
Emids,Wed Nov 29 19:00:34 UTC 2023
Cricut,Wed Nov 29 18:37:06 UTC 2023
TRKKN,Wed Nov 29 18:34:40 UTC 2023
"Nice-Pak Products, LLC",Wed Nov 29 06:18:56 UTC 2023
RED Global,Wed Nov 29 06:13:33 UTC 2023
Kargo,Wed Nov 29 05:40:09 UTC 2023
HealixGlobal,Tue Nov 28 19:46:55 UTC 2023
LTIMindtree,Tue Nov 28 19:24:28 UTC 2023
ASK Consulting,Tue Nov 28 05:33:18 UTC 2023
Infogain,Tue Nov 28 05:32:17 UTC 2023
ArtistOnGo,Tue Nov 28 05:26:43 UTC 2023
BritBox,Tue Nov 28 05:26:05 UTC 2023
Phyton Talent Advisors,Tue Nov 28 05:24:53 UTC 2023
"Solve IT Strategies, Inc.",Tue Nov 28 05:21:38 UTC 2023
Metropolitan Strategies and Solutions,Mon Nov 27 21:15:44 UTC 2023
Arrowmac,Mon Nov 27 21:04:44 UTC 2023
Eastridge Workforce Solutions,Mon Nov 27 21:03:36 UTC 2023
Elevate,Mon Nov 27 20:54:48 UTC 2023
Magic EdTech,Mon Nov 27 19:55:33 UTC 2023
Madhive,Mon Nov 27 19:43:28 UTC 2023
Petco,Mon Nov 27 18:05:12 UTC 2023
Foster McKay,Mon Nov 27 17:41:17 UTC 2023
Prosum,Mon Nov 27 17:40:45 UTC 2023
Compass,Thu Nov 23 17:39:15 UTC 2023
SoFi,Wed Nov 22 20:39:38 UTC 2023
Digitive,Wed Nov 22 18:55:50 UTC 2023
Multiquip Inc.,Wed Nov 22 18:38:00 UTC 2023
Beam Global,Wed Nov 22 06:02:44 UTC 2023
Northeast Alternatives,Wed Nov 22 06:00:48 UTC 2023
UNIQLO,Wed Nov 22 05:25:17 UTC 2023
BioLite,Wed Nov 22 05:23:57 UTC 2023
AMD,Tue Nov 21 21:56:15 UTC 2023
Nagarro,Tue Nov 21 21:54:06 UTC 2023
Ampstek,Tue Nov 21 21:44:44 UTC 2023
Orchard,Tue Nov 21 21:43:43 UTC 2023
Incedo Inc.,Tue Nov 21 21:39:53 UTC 2023
Gateway Group Personnel,Tue Nov 21 21:29:46 UTC 2023
MSC Cruises,Tue Nov 21 21:11:55 UTC 2023
Hyundai Motor America,Tue Nov 21 21:11:10 UTC 2023
Beauty Co-Lab,Tue Nov 21 21:03:35 UTC 2023
MetroStar,Tue Nov 21 21:01:49 UTC 2023
Realtor.com,Tue Nov 21 21:00:05 UTC 2023
Saks OFF 5TH,Tue Nov 21 20:28:47 UTC 2023
Cartesian,Tue Nov 21 19:57:52 UTC 2023
Pure Storage,Tue Nov 21 19:56:42 UTC 2023
Beacon Building Products,Tue Nov 21 19:21:09 UTC 2023
Top Stack,Tue Nov 21 19:19:44 UTC 2023
Asana,Tue Nov 21 03:11:35 UTC 2023
GeorgiaTEK Systems Inc.,Tue Nov 21 03:10:40 UTC 2023
GBI,Tue Nov 21 03:09:43 UTC 2023
Block Party by DeleteMe,Tue Nov 21 02:22:36 UTC 2023
BoldVoice,Tue Nov 21 02:20:53 UTC 2023
Skai,Tue Nov 21 02:05:40 UTC 2023
Sario Partners,Tue Nov 21 02:04:30 UTC 2023
MERU,Tue Nov 21 02:02:27 UTC 2023
Hammitt,Tue Nov 21 01:58:27 UTC 2023
"Guess?, LLC.",Tue Nov 21 01:37:28 UTC 2023
ATR International,Tue Nov 21 01:37:01 UTC 2023
DynPro Inc.,Tue Nov 21 01:15:43 UTC 2023
LeadStack Inc.,Tue Nov 21 01:10:40 UTC 2023
Allianz Trade in North America,Tue Nov 21 01:09:41 UTC 2023
ConsultNet Technology Services and Solutions,Tue Nov 21 01:08:29 UTC 2023
SoftWriters,Tue Nov 21 01:06:25 UTC 2023
LHH,Tue Nov 21 01:04:24 UTC 2023
Speedo,Mon Nov 20 18:45:22 UTC 2023
Genies,Mon Nov 20 04:27:20 UTC 2023
Petlibro,Mon Nov 20 04:11:21 UTC 2023
Upwork,Sat Nov 18 22:26:34 UTC 2023
Maven Clinic,Sat Nov 18 22:04:01 UTC 2023
Scout Motors Inc.,Sat Nov 18 22:02:36 UTC 2023
TheGuarantors,Sat Nov 18 22:00:46 UTC 2023
Premier Talent Partners,Fri Nov 17 23:36:11 UTC 2023
Xyant Services,Fri Nov 17 21:32:07 UTC 2023
Solidigm,Fri Nov 17 18:22:11 UTC 2023
Russell Tobin,Fri Nov 17 18:18:46 UTC 2023
Skechers,Fri Nov 17 17:59:57 UTC 2023
Maxonic Inc.,Fri Nov 17 17:56:21 UTC 2023
ManpowerGroup,Fri Nov 17 17:41:35 UTC 2023
AAA Club Alliance,Fri Nov 17 17:40:55 UTC 2023
Raydiant,Fri Nov 17 17:38:16 UTC 2023
InterEx Group,Fri Nov 17 17:32:48 UTC 2023
Masterworks,Thu Nov 16 18:56:09 UTC 2023
SHEIN Distribution Corporation,Thu Nov 16 18:51:31 UTC 2023
Motion Recruitment,Thu Nov 16 05:28:38 UTC 2023
Xoriant,Thu Nov 16 00:10:49 UTC 2023
BayOne Solutions,Tue Nov 14 19:45:23 UTC 2023
Albertsons Companies,Tue Nov 14 19:42:30 UTC 2023
R2 Global,Tue Nov 14 18:49:51 UTC 2023
Oscar Health,Tue Nov 14 18:40:22 UTC 2023
Papa Johns,Tue Nov 14 18:22:52 UTC 2023
dunnhumby,Tue Nov 14 17:51:23 UTC 2023
Curate Partners,Tue Nov 14 17:49:43 UTC 2023
Builder.ai,Tue Nov 14 05:18:30 UTC 2023
"Pinnacle Group, Inc.",Tue Nov 14 05:06:23 UTC 2023
Three Trees,Tue Nov 14 05:04:47 UTC 2023
Primary Services,Tue Nov 14 04:59:55 UTC 2023
Shift Digital,Tue Nov 14 04:48:31 UTC 2023
Coursera,Tue Nov 14 04:46:46 UTC 2023
Lentra,Thu Nov 09 22:20:31 UTC 2023
Bamboo Crowd,Thu Nov 09 17:29:57 UTC 2023
Perfict,Thu Nov 09 00:38:17 UTC 2023
New Port AI,Thu Nov 09 00:26:37 UTC 2023
Sunnova Energy,Thu Nov 09 00:20:05 UTC 2023
Optomi,Thu Nov 09 00:18:58 UTC 2023
Stealth Startup,Thu Nov 09 00:10:27 UTC 2023
"Eagle Eye Power Solutions, LLC",Thu Nov 09 00:09:17 UTC 2023
GOBEL,Thu Nov 09 00:08:41 UTC 2023
Artic Consulting,Thu Nov 09 00:01:33 UTC 2023
Global Accounting Network,Wed Nov 08 23:58:10 UTC 2023
10x Genomics,Wed Nov 08 19:48:03 UTC 2023
2K,Wed Nov 08 19:42:21 UTC 2023
Mission Recruit,Wed Nov 08 19:30:37 UTC 2023
Arhaus,Wed Nov 08 19:18:37 UTC 2023
Mainspring Energy,Wed Nov 08 19:17:41 UTC 2023
For Goodness Sake,Wed Nov 08 19:15:04 UTC 2023
@properties,Wed Nov 08 19:13:15 UTC 2023
"Agero, Inc.",Wed Nov 08 19:13:03 UTC 2023
Saicon,Wed Nov 08 19:11:12 UTC 2023
Eliassen Group,Wed Nov 08 19:09:24 UTC 2023
SoftServe,Wed Nov 08 19:09:03 UTC 2023
TechBlocks,Wed Nov 08 19:08:34 UTC 2023
Lynx,Wed Nov 08 19:05:40 UTC 2023
Creative Circle,Wed Nov 08 19:04:56 UTC 2023
Verisk,Wed Nov 08 19:01:02 UTC 2023
Frederick Fox,Wed Nov 08 18:56:43 UTC 2023
New Reach,Wed Nov 08 18:56:24 UTC 2023
Truveta,Tue Nov 07 21:07:32 UTC 2023
Amylyx Pharmaceuticals,Tue Nov 07 21:01:33 UTC 2023
PandaDoc,Tue Nov 07 20:58:55 UTC 2023
Sathram Corp,Tue Nov 07 20:50:23 UTC 2023
Scienta,Tue Nov 07 20:49:43 UTC 2023
Acceler8 Talent,Tue Nov 07 20:49:20 UTC 2023
CyberCoders,Tue Nov 07 20:47:47 UTC 2023
PHD,Tue Nov 07 20:44:57 UTC 2023
Emergent365,Tue Nov 07 20:44:36 UTC 2023
Aquent,Tue Nov 07 20:42:05 UTC 2023
Cloudflare,Tue Nov 07 20:41:39 UTC 2023
Blue Shield of California,Tue Nov 07 20:40:31 UTC 2023
Arrow Search Partners,Tue Nov 07 20:40:01 UTC 2023
Insight Global,Tue Nov 07 20:39:34 UTC 2023
Apex Systems,Tue Nov 07 20:37:33 UTC 2023
"Kester Search Group, LLC ®",Tue Nov 07 20:35:55 UTC 2023
USAFacts,Tue Nov 07 20:35:29 UTC 2023
Eagle Eye Networks,Tue Nov 07 20:35:15 UTC 2023
Firaxis Games,Tue Nov 07 20:33:33 UTC 2023
JustinBradley,Tue Nov 07 20:32:49 UTC 2023
Panasonic Well,Tue Nov 07 20:32:26 UTC 2023
Vaco,Tue Nov 07 20:32:07 UTC 2023
Synergy Interactive,Tue Nov 07 20:32:05 UTC 2023
TaxAct,Tue Nov 07 20:31:34 UTC 2023
Lawrence Harvey,Tue Nov 07 20:31:24 UTC 2023
Kinective,Tue Nov 07 20:31:03 UTC 2023
7-Eleven,Tue Nov 07 19:53:12 UTC 2023
HSAD North America,Tue Nov 07 19:48:56 UTC 2023
Freshworks,Tue Nov 07 02:02:48 UTC 2023
Quicken,Tue Nov 07 01:18:51 UTC 2023
Empire Marketing Strategies,Tue Nov 07 01:18:09 UTC 2023
Webull Financial,Tue Nov 07 01:17:14 UTC 2023
Upside,Mon Nov 06 22:51:37 UTC 2023
OpusClip,Mon Nov 06 22:47:11 UTC 2023
"Connexity, Inc.",Mon Nov 06 22:41:56 UTC 2023
Cleverbridge,Mon Nov 06 22:36:54 UTC 2023
Plugseal Innovation Services Private Limited,Sun Nov 05 19:33:05 UTC 2023
Product Management,Sat Nov 04 04:05:31 UTC 2023
Agile Methodologies,Sat Nov 04 03:04:59 UTC 2023
Walmart Marketplace,Fri Nov 03 21:27:25 UTC 2023
Machine Learning,Fri Nov 03 20:28:07 UTC 2023
Sentiment Analysis,Fri Nov 03 19:47:23 UTC 2023
Conversion Optimization,Fri Nov 03 03:00:57 UTC 2023
E-commerce,Fri Nov 03 02:58:39 UTC 2023
Data Quality,Thu Oct 26 23:21:03 UTC 2023
SurveyMonkey,Tue Oct 03 09:01:19 UTC 2023
KINESSO,Thu Sep 21 16:44:22 UTC 2023
Magic Labs,Wed Aug 16 21:25:43 UTC 2023
topmate.io,Sat Jul 15 14:59:33 UTC 2023
Wipro,Thu Jun 15 09:11:10 UTC 2023
Apollo.io,Thu Jun 01 02:07:48 UTC 2023
Wildbeez Interactive,Mon May 29 00:07:37 UTC 2023
Clipboard,Thu Apr 13 07:24:28 UTC 2023
Business Analytics,Mon Mar 13 13:34:03 UTC 2023
Web Analytics,Mon Mar 13 13:03:57 UTC 2023
Management Consulting,Mon Mar 13 12:41:40 UTC 2023
Product Strategy,Mon Mar 13 12:05:41 UTC 2023
Cross-functional Team Leadership,Mon Mar 13 12:03:58 UTC 2023
Pull,Tue Jan 31 17:01:48 UTC 2023
BCG X,Thu Dec 01 00:09:02 UTC 2022
Relatient,Thu Nov 10 21:07:38 UTC 2022
Duke Interdisciplinary Social Innovators (DISI),Tue Nov 01 20:08:31 UTC 2022
Glish - The Universal Fizz!,Sat Sep 10 03:16:23 UTC 2022
NHN Global,Thu Jun 02 04:37:55 UTC 2022
Hanna Andersson,Thu Jun 02 04:37:18 UTC 2022
Coupang,Mon May 30 00:43:35 UTC 2022
"iitjobs, Inc.",Fri May 27 03:03:35 UTC 2022
Crunchyroll,Wed May 25 09:08:32 UTC 2022
RSC Solutions,Wed May 25 09:05:50 UTC 2022
Moxo,Tue May 24 00:24:07 UTC 2022
Murad,Mon May 23 21:24:37 UTC 2022
HireMinds,Mon May 23 21:23:46 UTC 2022
MoneyGram,Mon May 23 21:21:01 UTC 2022
SAS,Sun May 22 02:55:15 UTC 2022
Sun King,Fri May 06 08:04:34 UTC 2022
Zumper,Mon May 02 20:46:35 UTC 2022
Bergdorf Goodman,Mon May 02 20:46:04 UTC 2022
Oportun,Wed Apr 27 03:40:27 UTC 2022
Grubhub,Wed Apr 27 03:38:34 UTC 2022
Photon,Wed Apr 20 17:29:53 UTC 2022
Fooda,Mon Apr 11 23:29:48 UTC 2022
blk.beverages,Mon Apr 04 14:55:01 UTC 2022
Plymouth Rock Assurance,Mon Apr 04 01:58:53 UTC 2022
Datamatics,Fri Apr 01 20:32:34 UTC 2022
Bandwidth Inc.,Mon Mar 28 21:41:28 UTC 2022
Bluevine,Mon Mar 28 21:19:23 UTC 2022
Wingstop Restaurants Inc.,Mon Mar 28 21:18:03 UTC 2022
Whataburger,Mon Mar 28 21:16:13 UTC 2022
AutoNation,Mon Mar 28 21:15:43 UTC 2022
"o9 Solutions, Inc.",Mon Mar 28 21:14:57 UTC 2022
Cameo,Mon Mar 28 21:12:28 UTC 2022
Lashify ©,Mon Mar 28 21:12:01 UTC 2022
Getir,Mon Mar 28 21:11:27 UTC 2022
Sizigi,Mon Mar 28 21:10:13 UTC 2022
Weber LLC,Mon Mar 28 21:08:37 UTC 2022
DIRECTV,Mon Mar 28 17:33:01 UTC 2022
AdTheorent,Thu Mar 24 15:17:41 UTC 2022
The Forum Group,Thu Mar 24 14:39:58 UTC 2022
New Balance,Thu Mar 24 14:38:49 UTC 2022
RPA,Thu Mar 24 14:35:48 UTC 2022
Indeed Flex,Tue Mar 22 15:52:42 UTC 2022
Innovien Solutions,Tue Mar 22 15:35:01 UTC 2022
Eventbrite,Tue Mar 22 15:30:35 UTC 2022
Vitality Group Inc.,Tue Mar 22 14:03:35 UTC 2022
4 Mile Analytics: A Monks Company,Fri Mar 18 03:05:52 UTC 2022
Reprise Digital,Fri Mar 18 03:01:50 UTC 2022
Gap Inc.,Fri Mar 18 02:26:42 UTC 2022
Fractal,Fri Mar 18 02:25:59 UTC 2022
SFI Health,Fri Mar 18 02:23:28 UTC 2022
"KiwiCo, Inc.",Wed Mar 16 02:28:45 UTC 2022
Analytic Recruiting Inc.,Thu Mar 10 15:02:08 UTC 2022
Storm5,Thu Mar 10 15:01:38 UTC 2022
Cash App,Thu Mar 10 15:01:06 UTC 2022
MongoDB,Thu Mar 10 14:48:26 UTC 2022
Vroom,Thu Mar 10 13:50:51 UTC 2022
Spotter,Thu Mar 10 13:50:16 UTC 2022
Initiative,Wed Mar 09 15:36:11 UTC 2022
Conviva,Wed Mar 09 15:12:18 UTC 2022
Condé Nast,Wed Mar 09 15:11:46 UTC 2022
dentsu Media,Wed Mar 09 15:03:06 UTC 2022
AbleTo Inc.,Wed Mar 09 13:20:30 UTC 2022
Nextdoor,Wed Mar 09 13:18:15 UTC 2022
PubMatic,Wed Mar 09 13:17:24 UTC 2022
Ripple,Wed Mar 09 13:16:35 UTC 2022
Sophos,Wed Mar 09 13:15:58 UTC 2022
"Cosmose, Inc.",Wed Mar 09 13:15:15 UTC 2022
Hearts & Science,Wed Mar 09 13:14:42 UTC 2022
Acquco,Tue Mar 08 19:28:18 UTC 2022
H&M,Thu Mar 03 22:43:16 UTC 2022
Harnham,Thu Mar 03 22:40:33 UTC 2022
HomeLight,Thu Mar 03 22:38:19 UTC 2022
Horizon Next,Wed Mar 02 19:50:36 UTC 2022
Caring,Wed Mar 02 19:45:38 UTC 2022
Circle K,Wed Mar 02 19:32:11 UTC 2022
ChenMed,Tue Mar 01 20:17:25 UTC 2022
Gravitee,Tue Mar 01 14:49:44 UTC 2022
FreshBooks,Tue Mar 01 14:47:52 UTC 2022
UserTesting,Tue Mar 01 13:45:37 UTC 2022
Shiftsmart,Fri Feb 25 23:55:34 UTC 2022
NerdWallet,Fri Feb 25 20:23:25 UTC 2022
Peapod Digital Labs,Fri Feb 25 18:43:23 UTC 2022
Storm2,Wed Feb 23 02:06:14 UTC 2022
Rover.com,Sat Feb 19 07:14:46 UTC 2022
Uber Health,Sat Feb 19 01:22:38 UTC 2022
Oldcastle BuildingEnvelope,Fri Feb 18 19:03:05 UTC 2022
Outreach,Fri Feb 18 18:59:24 UTC 2022
NoRedInk,Fri Feb 18 18:30:59 UTC 2022
Storm3,Thu Feb 17 18:16:08 UTC 2022
Tile,Thu Feb 17 05:47:13 UTC 2022
Product Management Exercises | ProductManagement,Wed Feb 16 19:49:15 UTC 2022
Shaadi.com,Wed Feb 16 18:50:46 UTC 2022
C3 AI,Mon Feb 14 13:52:49 UTC 2022
Talkspace,Fri Feb 11 16:51:56 UTC 2022
Gong,Wed Feb 09 23:09:37 UTC 2022
Anaplan,Wed Feb 09 22:45:31 UTC 2022
Greylock Partners,Wed Feb 09 13:52:06 UTC 2022
Exponent Interview Prep,Wed Feb 09 00:41:30 UTC 2022
Pypestream,Mon Feb 07 23:44:55 UTC 2022
Walmart Global Tech,Sat Feb 05 17:59:33 UTC 2022
Boston Consulting Group (BCG),Sat Feb 05 05:59:40 UTC 2022
Warby Parker,Sat Feb 05 05:46:18 UTC 2022
PMDojo,Sat Feb 05 02:33:11 UTC 2022
WarnerMedia,Fri Feb 04 17:23:10 UTC 2022
Noom,Thu Feb 03 05:58:08 UTC 2022
Macy's,Tue Feb 01 19:09:50 UTC 2022
EBG,Tue Feb 01 17:59:16 UTC 2022
Stardog,Mon Jan 31 23:48:40 UTC 2022
RED Health,Thu Jan 27 04:10:23 UTC 2022
Chime,Tue Jan 25 00:13:10 UTC 2022
Internet Brands,Mon Jan 24 19:24:00 UTC 2022
LTK,Fri Jan 21 23:09:43 UTC 2022
Nutanix,Thu Jan 13 23:21:53 UTC 2022
Accubits Technologies Inc,Thu Jan 13 23:10:16 UTC 2022
WD,Thu Jan 13 22:50:52 UTC 2022
Tekion Corp,Thu Jan 13 22:44:35 UTC 2022
HTC Global Services,Thu Jan 13 22:36:53 UTC 2022
Rackspace Technology,Thu Jan 13 22:32:24 UTC 2022
SurveyMonkey,Thu Jan 13 02:09:58 UTC 2022
ITOrizon Inc.,Wed Jan 12 03:35:22 UTC 2022
in4mation insights,Wed Jan 12 03:32:00 UTC 2022
ideafoster,Wed Jan 12 03:31:07 UTC 2022
Havas Media Network,Wed Jan 12 03:24:24 UTC 2022
Haptik,Wed Jan 12 03:23:10 UTC 2022
Armorblox (now part of Cisco),Sun Jan 09 19:09:55 UTC 2022
Altisource,Sun Jan 09 19:09:48 UTC 2022
OYO USA,Sat Jan 08 03:09:33 UTC 2022
Adyen,Sat Jan 08 02:02:27 UTC 2022
HubSpot,Fri Jan 07 23:42:57 UTC 2022
Gopuff,Fri Jan 07 20:18:49 UTC 2022
Rocket Money,Fri Jan 07 20:02:59 UTC 2022
Snap Finance,Fri Jan 07 19:57:57 UTC 2022
Divvy from BILL,Fri Jan 07 16:10:20 UTC 2022
MCG Talent,Fri Jan 07 05:04:08 UTC 2022
KORE1,Fri Jan 07 05:00:37 UTC 2022
Fundrise,Mon Jan 03 04:56:08 UTC 2022
Crowdbotics,Sun Jan 02 16:34:44 UTC 2022
ShiftMed,Sun Jan 02 16:33:03 UTC 2022
GlossGenius,Sun Jan 02 16:20:50 UTC 2022
ShopStyle,Sun Jan 02 16:12:39 UTC 2022
Scopely,Thu Dec 30 19:48:20 UTC 2021
Lucid Software,Thu Dec 30 02:47:57 UTC 2021
Bolt,Tue Dec 28 23:51:30 UTC 2021
Rain,Tue Dec 28 23:51:20 UTC 2021
Mozilla,Tue Dec 28 23:51:07 UTC 2021
JAPONESQUE,Tue Dec 28 22:36:14 UTC 2021
Merit,Tue Dec 28 00:57:30 UTC 2021
Zevvy,Tue Dec 28 00:38:19 UTC 2021
UpMetrics,Tue Dec 28 00:33:02 UTC 2021
hireEZ,Tue Dec 28 00:29:00 UTC 2021
iVisa,Tue Dec 28 00:05:00 UTC 2021
Alkymi,Tue Dec 28 00:01:23 UTC 2021
IntelePeer,Mon Dec 27 22:25:25 UTC 2021
Heap | by Contentsquare,Sat Dec 25 14:30:50 UTC 2021
WillowTree,Sat Dec 25 14:27:53 UTC 2021
sunday,Sat Dec 25 14:20:58 UTC 2021
Pacaso,Sat Dec 25 14:20:21 UTC 2021
LiveRamp,Sat Dec 25 14:18:12 UTC 2021
Stripe,Sat Dec 25 14:17:10 UTC 2021
Fast,Sat Dec 25 14:14:13 UTC 2021
Gemini,Fri Dec 24 15:28:58 UTC 2021
Taskrabbit,Thu Dec 23 23:54:10 UTC 2021
"NirogGyan | Health Reporting, Design & Analytics",Thu Dec 23 22:48:32 UTC 2021
Uberall,Thu Dec 23 17:08:27 UTC 2021
OYO UK,Tue Dec 21 16:08:16 UTC 2021
Blinkit,Mon Dec 20 08:38:07 UTC 2021
Ushur,Wed Dec 15 14:14:10 UTC 2021
Jobot,Fri Dec 10 02:01:05 UTC 2021
Elevate,Tue Dec 07 21:15:49 UTC 2021
Curri,Sun Dec 05 04:27:53 UTC 2021
Kami Vision,Thu Dec 02 03:57:56 UTC 2021
Uber Technologies LLC,Sun Nov 28 17:08:45 UTC 2021
Twilio,Sun Nov 28 17:08:29 UTC 2021
Yelp,Sun Nov 28 17:01:02 UTC 2021
Lyft,Sun Nov 28 17:00:45 UTC 2021
Hewlett Packard Enterprise,Sun Nov 28 16:57:50 UTC 2021
Airbnb,Sun Nov 28 16:57:34 UTC 2021
Uber,Sun Nov 28 16:57:22 UTC 2021
Intuit,Sun Nov 28 16:56:16 UTC 2021
Adobe,Sun Nov 28 16:56:02 UTC 2021
Cisco,Sun Nov 28 16:55:10 UTC 2021
Wish,Sun Nov 28 16:48:12 UTC 2021
Flexport,Sun Nov 28 16:17:56 UTC 2021
Redfin,Sun Nov 28 16:14:54 UTC 2021
Ellie Mae,Sun Nov 28 16:02:24 UTC 2021
Sumo Logic,Sun Nov 28 16:01:46 UTC 2021
TE Connectivity,Sun Nov 28 15:54:48 UTC 2021
BCG Digital Ventures,Thu Nov 18 20:44:31 UTC 2021
Walmart,Wed Nov 08 19:10:11 UTC 2023
Intentional Product Manager,Sun Nov 14 22:14:39 UTC 2021
LotusFlare,Sun Nov 14 16:50:18 UTC 2021
The Product Management Center at UW,Tue Nov 09 06:21:55 UTC 2021
StubHub,Mon Nov 08 05:04:16 UTC 2021
Poshmark,Sat Nov 06 22:33:08 UTC 2021
Cro Metrics,Wed Nov 03 01:56:41 UTC 2021
BillionToOne,Sat Oct 23 01:31:47 UTC 2021
DoorDash,Wed Oct 20 22:23:21 UTC 2021
EasyHealth,Wed Oct 20 19:57:43 UTC 2021
Dataworks,Wed Oct 20 19:53:04 UTC 2021
Capsule,Wed Oct 20 05:09:12 UTC 2021
Retool,Tue Oct 19 15:27:49 UTC 2021
Square,Fri Oct 01 23:14:51 UTC 2021
Plaid,Fri Oct 01 23:14:44 UTC 2021
Media Link,Sat Sep 18 05:54:10 UTC 2021
Rippling,Thu Sep 16 22:36:56 UTC 2021
Mambu,Wed Sep 15 16:57:25 UTC 2021
Johnson & Johnson,Wed Sep 15 16:11:17 UTC 2021
Amazon Web Services (AWS),Wed Sep 15 16:11:15 UTC 2021
Instagram,Wed Sep 15 16:11:14 UTC 2021
TED Conferences,Wed Sep 15 16:11:12 UTC 2021
Spotify,Wed Sep 15 16:11:11 UTC 2021
Tata Consultancy Services,Wed Sep 15 16:11:10 UTC 2021
Salesforce,Wed Sep 15 16:11:09 UTC 2021
Oracle,Wed Sep 15 16:11:08 UTC 2021
Tesla,Wed Sep 15 16:11:07 UTC 2021
Twitter,Wed Sep 15 16:11:06 UTC 2021
Nestlé,Wed Sep 15 16:11:05 UTC 2021
IBM,Wed Sep 15 16:11:04 UTC 2021
Netflix,Wed Sep 15 16:10:59 UTC 2021
Apple,Wed Sep 15 16:10:58 UTC 2021
Unilever,Wed Sep 15 16:10:57 UTC 2021
Meta,Wed Sep 15 16:10:52 UTC 2021
Amazon,Wed Sep 15 16:10:51 UTC 2021
Google,Wed Sep 15 16:10:46 UTC 2021
LinkedIn,Wed Sep 15 16:10:39 UTC 2021
Postman,Wed Sep 15 16:07:47 UTC 2021
Klarna,Tue Sep 07 17:38:48 UTC 2021
Wiingy,Thu Sep 02 13:03:18 UTC 2021
PostHog,Sun Aug 29 01:34:39 UTC 2021
NURSD Health,Sun Aug 15 04:55:35 UTC 2021
Instacart,Sat Aug 07 23:08:57 UTC 2021
Tiger Analytics,Fri Jul 30 13:25:46 UTC 2021
"Wandera, a Jamf company",Fri Jul 16 06:05:07 UTC 2021
CrowdStrike,Fri Jul 16 06:05:06 UTC 2021
"ZecOps, a Jamf Company",Fri Jul 16 06:05:05 UTC 2021
Lookout,Fri Jul 16 06:05:04 UTC 2021
Zimperium,Fri Jul 16 06:05:01 UTC 2021
PM School,Sun May 30 08:00:00 UTC 2021
OYE! Rickshaw,Wed Mar 03 17:26:53 UTC 2021
Talentiser,Tue Jan 05 15:37:47 UTC 2021
Duke University - The Fuqua School of Business,Wed Dec 09 18:20:17 UTC 2020
BOL,Fri Nov 06 17:49:14 UTC 2020
Vedantu,Fri Nov 06 03:59:57 UTC 2020
Games2win India Pvt Ltd,Fri Oct 30 05:51:02 UTC 2020
Noon - Education for Everyone,Fri Oct 30 04:26:43 UTC 2020
Mobile Premier League (MPL),Thu Oct 29 01:48:41 UTC 2020
TrueFan AI,Thu Oct 29 01:47:24 UTC 2020
Simpl,Mon Oct 19 17:19:15 UTC 2020
Exela Technologies,Mon Oct 19 17:07:39 UTC 2020
FlixStock,Mon Oct 19 17:06:44 UTC 2020
BookMyShow,Mon Oct 19 16:03:30 UTC 2020
Meritto,Mon Oct 19 16:02:45 UTC 2020
Baazi Games,Mon Oct 19 16:02:07 UTC 2020
Razorpay POS,Mon Oct 19 16:01:03 UTC 2020
Cuemath,Mon Oct 19 15:52:12 UTC 2020
grofers,Sun Oct 18 14:48:12 UTC 2020
Factacy.ai,Thu Oct 15 11:02:26 UTC 2020
Thunderpod,Tue Oct 13 04:01:50 UTC 2020
Lentra,Sun Oct 11 04:25:26 UTC 2020
AITS,Sun Oct 11 04:03:06 UTC 2020
Cognecto,Sun Oct 11 03:58:44 UTC 2020
GreyAtom,Sun Oct 11 03:57:27 UTC 2020
Great Learning,Fri Oct 09 04:34:52 UTC 2020
Maxbyte Technologies,Fri Oct 09 04:32:10 UTC 2020
Wizikey,Sat Oct 03 15:04:31 UTC 2020
Ola,Fri Oct 02 14:24:08 UTC 2020
SKS Enterpprises - Human Resource Planning and Management,Fri Oct 02 07:32:21 UTC 2020
Yellow.ai,Thu Oct 01 05:00:00 UTC 2020
ZIGRAM,Thu Oct 01 04:58:33 UTC 2020
Walmart Global Tech India,Thu Oct 01 03:36:54 UTC 2020
Shipsy,Thu Oct 01 03:34:36 UTC 2020
Wellthy Therapeutics (acquired by TruDoc),Wed Sep 30 20:14:20 UTC 2020
Kaieo Healthcare,Wed Sep 30 15:39:29 UTC 2020
IndSight Growth Partners,Wed Sep 30 15:38:40 UTC 2020
Chubb,Wed Sep 30 15:05:35 UTC 2020
Wipro Digital,Wed Sep 30 14:59:28 UTC 2020
apna,Wed Sep 30 14:56:48 UTC 2020
Kuku,Wed Sep 30 14:20:52 UTC 2020
airtel,Wed Sep 23 19:15:49 UTC 2020
MFine,Sun Sep 20 19:44:42 UTC 2020
Scholarship Track,Sun Sep 20 19:16:30 UTC 2020
BYJU'S,Sun Sep 20 10:01:54 UTC 2020
People Interactive,Fri Sep 18 18:59:22 UTC 2020
LikeMinds,Fri Sep 18 04:25:32 UTC 2020
KocharTech,Thu Sep 17 18:07:15 UTC 2020
Lam Research,Wed Sep 16 14:31:21 UTC 2020
Believe,Wed Sep 16 14:10:45 UTC 2020
Bolo Live,Wed Sep 16 14:09:10 UTC 2020
Enate,Wed Sep 16 14:07:43 UTC 2020
Bijak,Wed Sep 16 10:38:02 UTC 2020
Hike,Tue Sep 15 07:12:50 UTC 2020
udaan.com,Sat Sep 12 14:46:28 UTC 2020
The Referral Room,Mon Sep 07 04:27:14 UTC 2020
LatchLayer,Tue Sep 01 07:24:46 UTC 2020
Airseva,Tue Sep 01 06:08:32 UTC 2020
FNP,Sun Aug 30 14:59:27 UTC 2020
Rapido,Sat Aug 29 15:11:17 UTC 2020
AppViewX,Sat Aug 29 07:55:48 UTC 2020
YOptima,Fri Aug 28 12:37:41 UTC 2020
Paytm Mall,Thu Aug 27 09:46:14 UTC 2020
Sirion,Tue Aug 25 20:01:08 UTC 2020
The Smart Cube,Mon Aug 24 19:14:59 UTC 2020
Xiaomi India,Thu Aug 20 04:29:01 UTC 2020
Curefit,Thu Aug 20 04:24:37 UTC 2020
Softdoc,Wed Aug 19 10:42:38 UTC 2020
JCPenney,Wed Aug 12 07:52:29 UTC 2020
One Impression,Wed Aug 12 07:22:03 UTC 2020
"Student Alumni Relations Cell, BITS Pilani, Pilani Campus",Sat Aug 08 14:33:20 UTC 2020
BITSAA Silicon Valley Chapter,Sat Aug 08 14:33:19 UTC 2020
BITSAA International,Sat Aug 08 14:33:15 UTC 2020
HT Media Group,Sat Aug 08 04:31:14 UTC 2020
Home Credit India,Sat Aug 08 04:30:03 UTC 2020
Team Curate,Fri Aug 07 10:16:43 UTC 2020
Purplle.com,Sat Jul 25 04:12:04 UTC 2020
Majid Al Futtaim,Sat Jul 25 04:06:52 UTC 2020
AGRIM,Fri Jul 24 02:37:55 UTC 2020
Zee Entertainment Enterprises Limited,Fri Jul 24 02:36:01 UTC 2020
PhonePe,Fri Jul 24 02:35:07 UTC 2020
AuthBridge,Thu Jul 23 04:52:05 UTC 2020
Sprinklr,Thu Jul 23 04:42:31 UTC 2020
Cars24,Thu Jul 23 03:18:29 UTC 2020
Airtel Digital,Fri Apr 24 16:36:14 UTC 2020
"Tensile Structure - Tensile Car-parking, Tent House, Top Roof & Gazibo",Thu Apr 23 16:36:56 UTC 2020
Everwell Health Solutions,Sat Apr 18 05:01:53 UTC 2020
Paytm,Tue Apr 14 09:43:28 UTC 2020
Stanza Living,Tue Apr 14 09:26:44 UTC 2020
Orios Venture Partners,Fri Mar 13 02:40:33 UTC 2020
Quadrical Ai,Wed Mar 04 05:05:15 UTC 2020
HealthKart,Wed Mar 04 05:02:49 UTC 2020
myUpchar.com,Sat Feb 22 16:59:39 UTC 2020
AutoVRse,Sat Feb 22 16:59:15 UTC 2020
InterMiles (Jet Privilege Pvt. Ltd),Wed Nov 20 16:05:35 UTC 2019
devoid cloud,Fri Jul 26 03:30:03 UTC 2019
Akiva Love,Thu May 30 17:50:36 UTC 2019
Junglee Games,Thu May 30 17:48:55 UTC 2019
Greenlight Planet,Wed May 22 20:52:12 UTC 2019
JioSaavn,Wed May 22 20:51:40 UTC 2019
"Optimal Strategix Group, Inc.",Wed May 22 20:48:02 UTC 2019
AJIO.com,Wed May 22 20:47:10 UTC 2019
GALE,Wed May 22 20:44:17 UTC 2019
Times Internet,Wed May 22 20:40:39 UTC 2019
Media.net,Sat Mar 30 14:59:45 UTC 2019
Fliplearn,Tue Feb 19 04:15:46 UTC 2019
Zomato,Tue Feb 19 04:15:17 UTC 2019
CarDekho Group,Mon Jan 28 16:04:10 UTC 2019
ezeego1,Tue Nov 20 03:43:07 UTC 2018
Razorpay,Tue Nov 20 03:41:27 UTC 2018
BrowserStack,Mon Nov 19 18:46:20 UTC 2018
Disney+ Hotstar,Thu Nov 15 20:15:40 UTC 2018
Myra Medicines,Thu Nov 15 20:15:30 UTC 2018
Ninjacart,Thu Nov 15 20:14:40 UTC 2018
JetPrivilege,Thu Nov 15 20:13:20 UTC 2018
Intellipaat,Thu Nov 15 20:12:19 UTC 2018
IndiGo (InterGlobe Aviation Ltd),Thu Nov 15 19:43:26 UTC 2018
Accenture,Wed Oct 24 19:47:16 UTC 2018
McKinsey & Company,Sun Oct 21 06:48:30 UTC 2018
Shuttl,Sun Oct 21 03:34:50 UTC 2018
OYO,Sat Jun 16 04:48:37 UTC 2018
VMock,Tue Jan 16 01:56:10 UTC 2018
CloudMoyo,Sun Jan 14 15:34:18 UTC 2018
The Walt Disney Company,Sun Jan 14 15:34:07 UTC 2018
Relatient,Sun Jan 14 15:33:58 UTC 2018
Zynga,Fri Jan 12 15:41:56 UTC 2018
Alight Solutions,Mon Dec 18 18:45:47 UTC 2017
Bira 91,Thu Dec 14 11:54:39 UTC 2017
Axience,Fri Nov 24 19:42:42 UTC 2017
Insight Alpha,Fri Nov 24 19:29:26 UTC 2017
Vistara - TATA SIA Airlines Ltd.,Mon Nov 20 17:52:09 UTC 2017
Delhivery,Wed Nov 08 18:09:11 UTC 2017
IntellistocksAI,Wed Nov 08 18:05:37 UTC 2017
Collateral Medical Private Limited,Tue Oct 10 05:34:36 UTC 2017
Trip for All,Tue Oct 03 08:48:28 UTC 2017
Tata 1mg,Tue Sep 26 03:03:53 UTC 2017
NRI Group,Tue Sep 26 03:02:22 UTC 2017
"Birla Institute of Technology and Science, Pilani",Tue Dec 06 18:23:00 UTC 2016
MakeMyTrip,Tue Aug 23 07:29:19 UTC 2016
redBus,Sat Jul 23 06:51:45 UTC 2016
LimeTray,Sun Jun 26 06:53:38 UTC 2016
Annalect,Sat Jan 02 17:19:25 UTC 2016
Viscadia,Mon Nov 30 22:34:20 UTC 2015
Disney Star,Mon Nov 30 21:57:03 UTC 2015
Astra Business Services Pvt. Ltd.,Sat Nov 28 06:36:04 UTC 2015
Time Analytic & Shared Services Pvt. Ltd,Mon Sep 21 11:03:28 UTC 2015
Areté Advisors,Thu Mar 19 04:40:38 UTC 2015
Futures First,Mon Dec 22 15:30:43 UTC 2014