Date/Time,Media Description,Media Link
"You uploaded a photo on April 27, 2025 at 5:13 AM (GMT)", -,https://media.licdn.com/dms/image/v2/D5621AQFbYqB-vhRbpA/plfm-displayapplogo-shrink_800_800/B56ZZ1qewMHAAU-/0/1745730794467?e=1779854400&v=beta&t=2ESjEXqrZMaX2yNJR6qV6Mcl4ZPhld0EVZOIOhR4liw
"You uploaded a feed photo on February 13, 2024 at 10:18 PM (GMT)", -,https://media.licdn.com/dms/image/v2/D5622AQHovKzDMYgqLg/feedshare-shrink_800/feedshare-shrink_800/0/1707862722000?e=1781136000&v=beta&t=gh1vPwTaoHLs-mOd-O0igLxkX56YmOXnsVqh994So7M
"You uploaded a feed photo on January 12, 2024 at 7:44 AM (GMT)", -,https://media.licdn.com/dms/image/v2/D5622AQGzp48RyDREFw/feedshare-shrink_800/feedshare-shrink_800/0/1705045463015?e=1781136000&v=beta&t=dhehXPfU2WTPZP84fz88Rk4N0y_N75uFCjUAvRniHfk
"You uploaded a profile background photo on January 6, 2024 at 12:06 AM (GMT)", -,https://media.licdn.com/dms/image/v2/D5604AQGrFESuteM5Yw/profile-originalbackgroundimage-shrink_396_1584/profile-originalbackgroundimage-shrink_396_1584/0/1704499609695?e=1781136000&v=beta&t=oPmzuXaCHVDlX2RvzFMj4n9jn_S3D_SvOVdy10Ib4XY
"You uploaded a profile background photo on January 6, 2024 at 12:06 AM (GMT)", -,https://media.licdn.com/dms/image/v2/D5616AQHTa3DUr_8sUA/profile-displaybackgroundimage-shrink_200_800/profile-displaybackgroundimage-shrink_200_800/0/1704499609663?e=1781136000&v=beta&t=HTruorFolyaExJM78Az39x8dksNiJcWS45Zwt3VmRV8
"You uploaded a feed photo on November 27, 2023 at 1:28 AM (GMT)", -,https://media.licdn.com/dms/image/v2/D5622AQFWWqNCV_fIDQ/feedshare-shrink_800/feedshare-shrink_800/0/1701048483973?e=1781136000&v=beta&t=iO_vRPoTQwJ1y91CTtAwi4AQ9Mkfog_AmBUCwbwM5bM
"You uploaded a feed photo on November 17, 2023 at 8:46 PM (GMT)", -,https://media.licdn.com/dms/image/v2/D5622AQFzuPCLgvqFXw/feedshare-shrink_800/feedshare-shrink_800/0/1700253979260?e=1781136000&v=beta&t=knpcewAsw2ET7HAvb4ogCVb2KVrORrYzBG4CstKwpek
"You uploaded a profile photo on September 26, 2021 at 1:19 AM (GMT)", -,https://media.licdn.com/dms/image/v2/C4D03AQEiGyrgmBS1qw/profile-displayphoto-shrink_100_100/profile-displayphoto-shrink_100_100/0/1632619186811?e=1781136000&v=beta&t=oU3amvWkr_1-PdW3yGAUy35ZMXZOWeihNa-Zj42Eglk
"You uploaded a profile photo on September 26, 2021 at 1:19 AM (GMT)", -,https://media.licdn.com/dms/image/v2/C4D04AQF0SAurpuyfFQ/profile-originalphoto-shrink_900_1200/profile-originalphoto-shrink_900_1200/0/1632619186749?e=1781136000&v=beta&t=h0wA1X1v5Lvf4sci2Gixc-CnsnmamZlDWp2uR2HsgIU
